{
  "nodeLayouts": {
    "inputs": {
      "x": 785,
      "y": 42,
      "index": -1
    },
    "outputs": {
      "x": 927.0062632619599,
      "y": 563.1851851851852,
      "index": -1
    },
    "groundedness_answer": {
      "x": 965.5865403163581,
      "y": 309.0123607494213,
      "index": 3
    },
    "embed_context": {
      "x": 504.5679012345679,
      "y": 176,
      "index": 1
    },
    "embed_response": {
      "x": 218.02470642843363,
      "y": 175.01232307339893,
      "index": 2
    },
    "answer_context_sim": {
      "x": 349.44444444444446,
      "y": 306.0494053216628,
      "index": 4
    },
    "fluency_gpt": {
      "x": 686.9445348668982,
      "y": 306.0494053216628,
      "index": 0
    },
    "concat_scores": {
      "x": 685.9568202642747,
      "y": 429.18518518518516,
      "index": 5
    },
    "aggregate": {
      "x": 584.1667118778935,
      "y": 536.5185486593365,
      "index": 6
    }
  },
  "orientation": "Vertical"
}